{
  "Author": "That one kid",
  "Compatibility": "Compatible",
  "DefuserDifficulty": "Medium",
  "Description": "Solve a maze, then decrypt a number, then solve another maze Tags: buttons, displays, indicator, blue, numbers flashes, submit, delete",
  "ExpertDifficulty": "Medium",
  "ModuleID": "encryptcore",
  "Name": "Core Encryption",
  "Origin": "Mods",
  "Published": "2023-10-18",
  "SortKey": "COREENCRYPTION",
  "SourceUrl": "https://github.com/Kbushra/KTaNE-Core-Encryption",
  "SteamID": "3053932350",
  "Symbol": "Cetn",
  "Type": "Regular"
}